fullText;filter1_label
Vaig arribar a una cruïlla i no sabia cap on anar.;0
A la cruïlla hi havia un semàfor trencat.;0
És una cruïlla entre tradició i modernitat.;0
Vaig arribar a una cruïlla i no sabia cap on anar.;0
Ens vam trobar en una cruïlla de camins desconeguts.;0
La pel·lícula reflecteix una cruïlla emocional del protagonista.;0
El poble es troba a la cruïlla entre dues comarques.;0
A la cruïlla hi havia un semàfor trencat.;0
El poble es troba a la cruïlla entre dues comarques.;0
Ens vam conèixer en una cruïlla inesperada de les nostres vides.;0
És una cruïlla entre tradició i modernitat.;0
Ens vam trobar en una cruïlla de camins desconeguts.;0
La vida és una cruïlla plena de decisions difícils.;0
Vaig arribar a una cruïlla i no sabia cap on anar.;0
És una cruïlla entre tradició i modernitat.;0
La vida és una cruïlla plena de decisions difícils.;0
Va aparcar just a la cruïlla del carrer Major.;0
A la cruïlla hi havia un semàfor trencat.;0
Vaig arribar a una cruïlla i no sabia cap on anar.;0
Aquest projecte és una cruïlla important per a la nostra empresa.;0
La pel·lícula reflecteix una cruïlla emocional del protagonista.;0
Va aparcar just a la cruïlla del carrer Major.;0
Aquest projecte és una cruïlla important per a la nostra empresa.;0
Ens vam conèixer en una cruïlla inesperada de les nostres vides.;0
La pel·lícula reflecteix una cruïlla emocional del protagonista.;0
El poble es troba a la cruïlla entre dues comarques.;0
Ens vam trobar en una cruïlla de camins desconeguts.;0
Va aparcar just a la cruïlla del carrer Major.;0
Va aparcar just a la cruïlla del carrer Major.;0
El poble es troba a la cruïlla entre dues comarques.;0
Ens vam trobar en una cruïlla de camins desconeguts.;0
La pel·lícula reflecteix una cruïlla emocional del protagonista.;0
La pel·lícula reflecteix una cruïlla emocional del protagonista.;0
Aquest projecte és una cruïlla important per a la nostra empresa.;0
La vida és una cruïlla plena de decisions difícils.;0
La vida és una cruïlla plena de decisions difícils.;0
Va aparcar just a la cruïlla del carrer Major.;0
Ens vam trobar en una cruïlla de camins desconeguts.;0
És una cruïlla entre tradició i modernitat.;0
A la cruïlla hi havia un semàfor trencat.;0
És una cruïlla entre tradició i modernitat.;0
És una cruïlla entre tradició i modernitat.;0
La pel·lícula reflecteix una cruïlla emocional del protagonista.;0
Ens vam conèixer en una cruïlla inesperada de les nostres vides.;0
A la cruïlla hi havia un semàfor trencat.;0
La vida és una cruïlla plena de decisions difícils.;0
Aquest projecte és una cruïlla important per a la nostra empresa.;0
Vaig arribar a una cruïlla i no sabia cap on anar.;0
Aquest projecte és una cruïlla important per a la nostra empresa.;0
A la cruïlla hi havia un semàfor trencat.;0
Aquest projecte és una cruïlla important per a la nostra empresa.;0
Va aparcar just a la cruïlla del carrer Major.;0
Ens vam conèixer en una cruïlla inesperada de les nostres vides.;0
La vida és una cruïlla plena de decisions difícils.;0
La vida és una cruïlla plena de decisions difícils.;0
És una cruïlla entre tradició i modernitat.;0
És una cruïlla entre tradició i modernitat.;0
La vida és una cruïlla plena de decisions difícils.;0
Ens vam trobar en una cruïlla de camins desconeguts.;0
Vaig arribar a una cruïlla i no sabia cap on anar.;0
El poble es troba a la cruïlla entre dues comarques.;0
El poble es troba a la cruïlla entre dues comarques.;0
El poble es troba a la cruïlla entre dues comarques.;0
La pel·lícula reflecteix una cruïlla emocional del protagonista.;0
És una cruïlla entre tradició i modernitat.;0
A la cruïlla hi havia un semàfor trencat.;0
La pel·lícula reflecteix una cruïlla emocional del protagonista.;0
El poble es troba a la cruïlla entre dues comarques.;0
Va aparcar just a la cruïlla del carrer Major.;0
Vaig arribar a una cruïlla i no sabia cap on anar.;0
Aquest projecte és una cruïlla important per a la nostra empresa.;0
El poble es troba a la cruïlla entre dues comarques.;0
Aquest projecte és una cruïlla important per a la nostra empresa.;0
La pel·lícula reflecteix una cruïlla emocional del protagonista.;0
La pel·lícula reflecteix una cruïlla emocional del protagonista.;0
És una cruïlla entre tradició i modernitat.;0
Aquest projecte és una cruïlla important per a la nostra empresa.;0
La vida és una cruïlla plena de decisions difícils.;0
La pel·lícula reflecteix una cruïlla emocional del protagonista.;0
La vida és una cruïlla plena de decisions difícils.;0
Va aparcar just a la cruïlla del carrer Major.;0
Ens vam trobar en una cruïlla de camins desconeguts.;0
Va aparcar just a la cruïlla del carrer Major.;0
Aquest projecte és una cruïlla important per a la nostra empresa.;0
Va aparcar just a la cruïlla del carrer Major.;0
És una cruïlla entre tradició i modernitat.;0
És una cruïlla entre tradició i modernitat.;0
El poble es troba a la cruïlla entre dues comarques.;0
Va aparcar just a la cruïlla del carrer Major.;0
Ens vam conèixer en una cruïlla inesperada de les nostres vides.;0
Ens vam trobar en una cruïlla de camins desconeguts.;0
Ens vam trobar en una cruïlla de camins desconeguts.;0
La vida és una cruïlla plena de decisions difícils.;0
Ens vam conèixer en una cruïlla inesperada de les nostres vides.;0
Vaig arribar a una cruïlla i no sabia cap on anar.;0
És una cruïlla entre tradició i modernitat.;0
Vaig arribar a una cruïlla i no sabia cap on anar.;0
El poble es troba a la cruïlla entre dues comarques.;0
La pel·lícula reflecteix una cruïlla emocional del protagonista.;0
Vaig arribar a una cruïlla i no sabia cap on anar.;0
La pel·lícula reflecteix una cruïlla emocional del protagonista.;0
És una cruïlla entre tradició i modernitat.;0
La pel·lícula reflecteix una cruïlla emocional del protagonista.;0
Aquest projecte és una cruïlla important per a la nostra empresa.;0
És una cruïlla entre tradició i modernitat.;0
Aquest projecte és una cruïlla important per a la nostra empresa.;0
Ens vam conèixer en una cruïlla inesperada de les nostres vides.;0
Vaig arribar a una cruïlla i no sabia cap on anar.;0
És una cruïlla entre tradició i modernitat.;0
Aquest projecte és una cruïlla important per a la nostra empresa.;0
Ens vam conèixer en una cruïlla inesperada de les nostres vides.;0
Va aparcar just a la cruïlla del carrer Major.;0
La pel·lícula reflecteix una cruïlla emocional del protagonista.;0
És una cruïlla entre tradició i modernitat.;0
Vaig arribar a una cruïlla i no sabia cap on anar.;0
El poble es troba a la cruïlla entre dues comarques.;0
Aquest projecte és una cruïlla important per a la nostra empresa.;0
És una cruïlla entre tradició i modernitat.;0
Aquest projecte és una cruïlla important per a la nostra empresa.;0
És una cruïlla entre tradició i modernitat.;0
Ens vam trobar en una cruïlla de camins desconeguts.;0
La pel·lícula reflecteix una cruïlla emocional del protagonista.;0
És una cruïlla entre tradició i modernitat.;0
A la cruïlla hi havia un semàfor trencat.;0
A la cruïlla hi havia un semàfor trencat.;0
El poble es troba a la cruïlla entre dues comarques.;0
A la cruïlla hi havia un semàfor trencat.;0
Va aparcar just a la cruïlla del carrer Major.;0
La vida és una cruïlla plena de decisions difícils.;0
Ens vam conèixer en una cruïlla inesperada de les nostres vides.;0
És una cruïlla entre tradició i modernitat.;0
Vaig arribar a una cruïlla i no sabia cap on anar.;0
És una cruïlla entre tradició i modernitat.;0
La pel·lícula reflecteix una cruïlla emocional del protagonista.;0
La pel·lícula reflecteix una cruïlla emocional del protagonista.;0
Va aparcar just a la cruïlla del carrer Major.;0
Ens vam conèixer en una cruïlla inesperada de les nostres vides.;0
Vaig arribar a una cruïlla i no sabia cap on anar.;0
Ens vam trobar en una cruïlla de camins desconeguts.;0
Vaig arribar a una cruïlla i no sabia cap on anar.;0
La vida és una cruïlla plena de decisions difícils.;0
Va aparcar just a la cruïlla del carrer Major.;0
Aquest projecte és una cruïlla important per a la nostra empresa.;0
És una cruïlla entre tradició i modernitat.;0
A la cruïlla hi havia un semàfor trencat.;0
Vaig arribar a una cruïlla i no sabia cap on anar.;0
La vida és una cruïlla plena de decisions difícils.;0
Aquest projecte és una cruïlla important per a la nostra empresa.;0
Ens vam conèixer en una cruïlla inesperada de les nostres vides.;0
Va aparcar just a la cruïlla del carrer Major.;0
La vida és una cruïlla plena de decisions difícils.;0
El poble es troba a la cruïlla entre dues comarques.;0
La pel·lícula reflecteix una cruïlla emocional del protagonista.;0
La pel·lícula reflecteix una cruïlla emocional del protagonista.;0
És una cruïlla entre tradició i modernitat.;0
A la cruïlla hi havia un semàfor trencat.;0
El poble es troba a la cruïlla entre dues comarques.;0
La pel·lícula reflecteix una cruïlla emocional del protagonista.;0
És una cruïlla entre tradició i modernitat.;0
És una cruïlla entre tradició i modernitat.;0
La vida és una cruïlla plena de decisions difícils.;0
Ens vam conèixer en una cruïlla inesperada de les nostres vides.;0
Ens vam trobar en una cruïlla de camins desconeguts.;0
Ens vam conèixer en una cruïlla inesperada de les nostres vides.;0
Aquest projecte és una cruïlla important per a la nostra empresa.;0
Vaig arribar a una cruïlla i no sabia cap on anar.;0
Ens vam trobar en una cruïlla de camins desconeguts.;0
La pel·lícula reflecteix una cruïlla emocional del protagonista.;0
És una cruïlla entre tradició i modernitat.;0
Ens vam trobar en una cruïlla de camins desconeguts.;0
Vaig arribar a una cruïlla i no sabia cap on anar.;0
És una cruïlla entre tradició i modernitat.;0
És una cruïlla entre tradició i modernitat.;0
Ens vam trobar en una cruïlla de camins desconeguts.;0
Vaig arribar a una cruïlla i no sabia cap on anar.;0
Aquest projecte és una cruïlla important per a la nostra empresa.;0
El poble es troba a la cruïlla entre dues comarques.;0
És una cruïlla entre tradició i modernitat.;0
Va aparcar just a la cruïlla del carrer Major.;0
Aquest projecte és una cruïlla important per a la nostra empresa.;0
Va aparcar just a la cruïlla del carrer Major.;0
El poble es troba a la cruïlla entre dues comarques.;0
És una cruïlla entre tradició i modernitat.;0
La pel·lícula reflecteix una cruïlla emocional del protagonista.;0
És una cruïlla entre tradició i modernitat.;0
El poble es troba a la cruïlla entre dues comarques.;0
A la cruïlla hi havia un semàfor trencat.;0
Va aparcar just a la cruïlla del carrer Major.;0
Vaig arribar a una cruïlla i no sabia cap on anar.;0
Ens vam trobar en una cruïlla de camins desconeguts.;0
Ens vam conèixer en una cruïlla inesperada de les nostres vides.;0
Ens vam trobar en una cruïlla de camins desconeguts.;0
Ens vam conèixer en una cruïlla inesperada de les nostres vides.;0
Aquest projecte és una cruïlla important per a la nostra empresa.;0
A la cruïlla hi havia un semàfor trencat.;0
Ens vam trobar en una cruïlla de camins desconeguts.;0
Aquest projecte és una cruïlla important per a la nostra empresa.;0
És una cruïlla entre tradició i modernitat.;0
Ens vam conèixer en una cruïlla inesperada de les nostres vides.;0
Ens vam conèixer en una cruïlla inesperada de les nostres vides.;0
És una cruïlla entre tradició i modernitat.;0
Vaig arribar a una cruïlla i no sabia cap on anar.;0
La pel·lícula reflecteix una cruïlla emocional del protagonista.;0
És una cruïlla entre tradició i modernitat.;0
És una cruïlla entre tradició i modernitat.;0
Ens vam conèixer en una cruïlla inesperada de les nostres vides.;0
Va aparcar just a la cruïlla del carrer Major.;0
La pel·lícula reflecteix una cruïlla emocional del protagonista.;0
A la cruïlla hi havia un semàfor trencat.;0
La pel·lícula reflecteix una cruïlla emocional del protagonista.;0
La vida és una cruïlla plena de decisions difícils.;0
Aquest projecte és una cruïlla important per a la nostra empresa.;0
La vida és una cruïlla plena de decisions difícils.;0
Aquest projecte és una cruïlla important per a la nostra empresa.;0
És una cruïlla entre tradició i modernitat.;0
Ens vam conèixer en una cruïlla inesperada de les nostres vides.;0
És una cruïlla entre tradició i modernitat.;0
Aquest projecte és una cruïlla important per a la nostra empresa.;0
La pel·lícula reflecteix una cruïlla emocional del protagonista.;0
La pel·lícula reflecteix una cruïlla emocional del protagonista.;0
Vaig arribar a una cruïlla i no sabia cap on anar.;0
La pel·lícula reflecteix una cruïlla emocional del protagonista.;0
Aquest projecte és una cruïlla important per a la nostra empresa.;0
Ens vam conèixer en una cruïlla inesperada de les nostres vides.;0
La pel·lícula reflecteix una cruïlla emocional del protagonista.;0
És una cruïlla entre tradició i modernitat.;0
Ens vam conèixer en una cruïlla inesperada de les nostres vides.;0
Vaig arribar a una cruïlla i no sabia cap on anar.;0
Ens vam conèixer en una cruïlla inesperada de les nostres vides.;0
El poble es troba a la cruïlla entre dues comarques.;0
És una cruïlla entre tradició i modernitat.;0
Aquest projecte és una cruïlla important per a la nostra empresa.;0
Va aparcar just a la cruïlla del carrer Major.;0
Va aparcar just a la cruïlla del carrer Major.;0
Vaig arribar a una cruïlla i no sabia cap on anar.;0
El poble es troba a la cruïlla entre dues comarques.;0
És una cruïlla entre tradició i modernitat.;0
La vida és una cruïlla plena de decisions difícils.;0
A la cruïlla hi havia un semàfor trencat.;0
És una cruïlla entre tradició i modernitat.;0
Va aparcar just a la cruïlla del carrer Major.;0
A la cruïlla hi havia un semàfor trencat.;0
Aquest projecte és una cruïlla important per a la nostra empresa.;0
És una cruïlla entre tradició i modernitat.;0
La pel·lícula reflecteix una cruïlla emocional del protagonista.;0
Ens vam conèixer en una cruïlla inesperada de les nostres vides.;0
A la cruïlla hi havia un semàfor trencat.;0
Ens vam trobar en una cruïlla de camins desconeguts.;0
Ens vam trobar en una cruïlla de camins desconeguts.;0
Aquest projecte és una cruïlla important per a la nostra empresa.;0
Va aparcar just a la cruïlla del carrer Major.;0
És una cruïlla entre tradició i modernitat.;0
La pel·lícula reflecteix una cruïlla emocional del protagonista.;0
És una cruïlla entre tradició i modernitat.;0
Ens vam trobar en una cruïlla de camins desconeguts.;0
A la cruïlla hi havia un semàfor trencat.;0
Aquest projecte és una cruïlla important per a la nostra empresa.;0
La vida és una cruïlla plena de decisions difícils.;0
El poble es troba a la cruïlla entre dues comarques.;0
A la cruïlla hi havia un semàfor trencat.;0
La pel·lícula reflecteix una cruïlla emocional del protagonista.;0
El poble es troba a la cruïlla entre dues comarques.;0
La vida és una cruïlla plena de decisions difícils.;0
És una cruïlla entre tradició i modernitat.;0
Ens vam trobar en una cruïlla de camins desconeguts.;0
La vida és una cruïlla plena de decisions difícils.;0
És una cruïlla entre tradició i modernitat.;0
El poble es troba a la cruïlla entre dues comarques.;0
Vaig arribar a una cruïlla i no sabia cap on anar.;0
A la cruïlla hi havia un semàfor trencat.;0
La pel·lícula reflecteix una cruïlla emocional del protagonista.;0
És una cruïlla entre tradició i modernitat.;0
Aquest projecte és una cruïlla important per a la nostra empresa.;0
És una cruïlla entre tradició i modernitat.;0
Aquest projecte és una cruïlla important per a la nostra empresa.;0
Ens vam conèixer en una cruïlla inesperada de les nostres vides.;0
La vida és una cruïlla plena de decisions difícils.;0
A la cruïlla hi havia un semàfor trencat.;0
Vaig arribar a una cruïlla i no sabia cap on anar.;0
La vida és una cruïlla plena de decisions difícils.;0
A la cruïlla hi havia un semàfor trencat.;0
El poble es troba a la cruïlla entre dues comarques.;0
Vaig arribar a una cruïlla i no sabia cap on anar.;0
Ens vam trobar en una cruïlla de camins desconeguts.;0
Aquest projecte és una cruïlla important per a la nostra empresa.;0
Vaig arribar a una cruïlla i no sabia cap on anar.;0
Aquest projecte és una cruïlla important per a la nostra empresa.;0
Vaig arribar a una cruïlla i no sabia cap on anar.;0
A la cruïlla hi havia un semàfor trencat.;0
La vida és una cruïlla plena de decisions difícils.;0
La pel·lícula reflecteix una cruïlla emocional del protagonista.;0
La vida és una cruïlla plena de decisions difícils.;0
La vida és una cruïlla plena de decisions difícils.;0
El poble es troba a la cruïlla entre dues comarques.;0
La vida és una cruïlla plena de decisions difícils.;0
El poble es troba a la cruïlla entre dues comarques.;0
Ens vam trobar en una cruïlla de camins desconeguts.;0
Vaig arribar a una cruïlla i no sabia cap on anar.;0
Vaig arribar a una cruïlla i no sabia cap on anar.;0
Va aparcar just a la cruïlla del carrer Major.;0
Vaig arribar a una cruïlla i no sabia cap on anar.;0
El poble es troba a la cruïlla entre dues comarques.;0
La pel·lícula reflecteix una cruïlla emocional del protagonista.;0
La pel·lícula reflecteix una cruïlla emocional del protagonista.;0
La pel·lícula reflecteix una cruïlla emocional del protagonista.;0
Vaig arribar a una cruïlla i no sabia cap on anar.;0
Ens vam trobar en una cruïlla de camins desconeguts.;0
La vida és una cruïlla plena de decisions difícils.;0
Ens vam trobar en una cruïlla de camins desconeguts.;0
És una cruïlla entre tradició i modernitat.;0
A la cruïlla hi havia un semàfor trencat.;0
És una cruïlla entre tradició i modernitat.;0
Vaig arribar a una cruïlla i no sabia cap on anar.;0
Ens vam conèixer en una cruïlla inesperada de les nostres vides.;0
La vida és una cruïlla plena de decisions difícils.;0
A la cruïlla hi havia un semàfor trencat.;0
Ens vam conèixer en una cruïlla inesperada de les nostres vides.;0
És una cruïlla entre tradició i modernitat.;0
Ens vam trobar en una cruïlla de camins desconeguts.;0
La pel·lícula reflecteix una cruïlla emocional del protagonista.;0
A la cruïlla hi havia un semàfor trencat.;0
Aquest projecte és una cruïlla important per a la nostra empresa.;0
Va aparcar just a la cruïlla del carrer Major.;0
Vaig arribar a una cruïlla i no sabia cap on anar.;0
Va aparcar just a la cruïlla del carrer Major.;0
Va aparcar just a la cruïlla del carrer Major.;0
Ens vam trobar en una cruïlla de camins desconeguts.;0
Ens vam trobar en una cruïlla de camins desconeguts.;0
És una cruïlla entre tradició i modernitat.;0
A la cruïlla hi havia un semàfor trencat.;0
El poble es troba a la cruïlla entre dues comarques.;0
La pel·lícula reflecteix una cruïlla emocional del protagonista.;0
El poble es troba a la cruïlla entre dues comarques.;0
La vida és una cruïlla plena de decisions difícils.;0
Ens vam conèixer en una cruïlla inesperada de les nostres vides.;0
A la cruïlla hi havia un semàfor trencat.;0
Ens vam trobar en una cruïlla de camins desconeguts.;0
La vida és una cruïlla plena de decisions difícils.;0
A la cruïlla hi havia un semàfor trencat.;0
El poble es troba a la cruïlla entre dues comarques.;0
Ens vam conèixer en una cruïlla inesperada de les nostres vides.;0
A la cruïlla hi havia un semàfor trencat.;0
La vida és una cruïlla plena de decisions difícils.;0
Ens vam conèixer en una cruïlla inesperada de les nostres vides.;0
El poble es troba a la cruïlla entre dues comarques.;0
Ens vam conèixer en una cruïlla inesperada de les nostres vides.;0
La pel·lícula reflecteix una cruïlla emocional del protagonista.;0
Aquest projecte és una cruïlla important per a la nostra empresa.;0
Aquest projecte és una cruïlla important per a la nostra empresa.;0
El poble es troba a la cruïlla entre dues comarques.;0
A la cruïlla hi havia un semàfor trencat.;0
Aquest projecte és una cruïlla important per a la nostra empresa.;0
El poble es troba a la cruïlla entre dues comarques.;0
Va aparcar just a la cruïlla del carrer Major.;0
El poble es troba a la cruïlla entre dues comarques.;0
Aquest projecte és una cruïlla important per a la nostra empresa.;0
És una cruïlla entre tradició i modernitat.;0
És una cruïlla entre tradició i modernitat.;0
Vaig arribar a una cruïlla i no sabia cap on anar.;0
La vida és una cruïlla plena de decisions difícils.;0
És una cruïlla entre tradició i modernitat.;0
La vida és una cruïlla plena de decisions difícils.;0
Vaig arribar a una cruïlla i no sabia cap on anar.;0
Va aparcar just a la cruïlla del carrer Major.;0
Ens vam trobar en una cruïlla de camins desconeguts.;0
La vida és una cruïlla plena de decisions difícils.;0
Aquest projecte és una cruïlla important per a la nostra empresa.;0
Ens vam conèixer en una cruïlla inesperada de les nostres vides.;0
A la cruïlla hi havia un semàfor trencat.;0
La vida és una cruïlla plena de decisions difícils.;0
El poble es troba a la cruïlla entre dues comarques.;0
La pel·lícula reflecteix una cruïlla emocional del protagonista.;0
La pel·lícula reflecteix una cruïlla emocional del protagonista.;0
La vida és una cruïlla plena de decisions difícils.;0
Ens vam conèixer en una cruïlla inesperada de les nostres vides.;0
Ens vam trobar en una cruïlla de camins desconeguts.;0
A la cruïlla hi havia un semàfor trencat.;0
Aquest projecte és una cruïlla important per a la nostra empresa.;0
La vida és una cruïlla plena de decisions difícils.;0
El poble es troba a la cruïlla entre dues comarques.;0
Ens vam conèixer en una cruïlla inesperada de les nostres vides.;0
Va aparcar just a la cruïlla del carrer Major.;0
La pel·lícula reflecteix una cruïlla emocional del protagonista.;0
Ens vam trobar en una cruïlla de camins desconeguts.;0
Ens vam conèixer en una cruïlla inesperada de les nostres vides.;0
Vaig arribar a una cruïlla i no sabia cap on anar.;0
A la cruïlla hi havia un semàfor trencat.;0
El poble es troba a la cruïlla entre dues comarques.;0
A la cruïlla hi havia un semàfor trencat.;0
Ens vam trobar en una cruïlla de camins desconeguts.;0
El poble es troba a la cruïlla entre dues comarques.;0
Va aparcar just a la cruïlla del carrer Major.;0
Vaig arribar a una cruïlla i no sabia cap on anar.;0
Va aparcar just a la cruïlla del carrer Major.;0
A la cruïlla hi havia un semàfor trencat.;0
Va aparcar just a la cruïlla del carrer Major.;0
Aquest projecte és una cruïlla important per a la nostra empresa.;0
Va aparcar just a la cruïlla del carrer Major.;0
És una cruïlla entre tradició i modernitat.;0
La vida és una cruïlla plena de decisions difícils.;0
Ens vam trobar en una cruïlla de camins desconeguts.;0
És una cruïlla entre tradició i modernitat.;0
La pel·lícula reflecteix una cruïlla emocional del protagonista.;0
Aquest projecte és una cruïlla important per a la nostra empresa.;0
La pel·lícula reflecteix una cruïlla emocional del protagonista.;0
Aquest projecte és una cruïlla important per a la nostra empresa.;0
És una cruïlla entre tradició i modernitat.;0
A la cruïlla hi havia un semàfor trencat.;0
Ens vam conèixer en una cruïlla inesperada de les nostres vides.;0
A la cruïlla hi havia un semàfor trencat.;0
La vida és una cruïlla plena de decisions difícils.;0
És una cruïlla entre tradició i modernitat.;0
El poble es troba a la cruïlla entre dues comarques.;0
Aquest projecte és una cruïlla important per a la nostra empresa.;0
A la cruïlla hi havia un semàfor trencat.;0
A la cruïlla hi havia un semàfor trencat.;0
La pel·lícula reflecteix una cruïlla emocional del protagonista.;0
Ens vam conèixer en una cruïlla inesperada de les nostres vides.;0
Ens vam trobar en una cruïlla de camins desconeguts.;0
El poble es troba a la cruïlla entre dues comarques.;0
Ens vam trobar en una cruïlla de camins desconeguts.;0
Vaig arribar a una cruïlla i no sabia cap on anar.;0
Vaig arribar a una cruïlla i no sabia cap on anar.;0
Vaig arribar a una cruïlla i no sabia cap on anar.;0
La vida és una cruïlla plena de decisions difícils.;0
La pel·lícula reflecteix una cruïlla emocional del protagonista.;0
La pel·lícula reflecteix una cruïlla emocional del protagonista.;0
És una cruïlla entre tradició i modernitat.;0
Ens vam conèixer en una cruïlla inesperada de les nostres vides.;0
Aquest projecte és una cruïlla important per a la nostra empresa.;0
La vida és una cruïlla plena de decisions difícils.;0
A la cruïlla hi havia un semàfor trencat.;0
La pel·lícula reflecteix una cruïlla emocional del protagonista.;0
Aquest projecte és una cruïlla important per a la nostra empresa.;0
La vida és una cruïlla plena de decisions difícils.;0
Ens vam trobar en una cruïlla de camins desconeguts.;0
Ens vam conèixer en una cruïlla inesperada de les nostres vides.;0
Aquest projecte és una cruïlla important per a la nostra empresa.;0
La vida és una cruïlla plena de decisions difícils.;0
Ens vam trobar en una cruïlla de camins desconeguts.;0
Ens vam conèixer en una cruïlla inesperada de les nostres vides.;0
Aquest projecte és una cruïlla important per a la nostra empresa.;0
El poble es troba a la cruïlla entre dues comarques.;0
És una cruïlla entre tradició i modernitat.;0
La pel·lícula reflecteix una cruïlla emocional del protagonista.;0
Va aparcar just a la cruïlla del carrer Major.;0
És una cruïlla entre tradició i modernitat.;0
El poble es troba a la cruïlla entre dues comarques.;0
El poble es troba a la cruïlla entre dues comarques.;0
Ens vam trobar en una cruïlla de camins desconeguts.;0
Ens vam conèixer en una cruïlla inesperada de les nostres vides.;0
La pel·lícula reflecteix una cruïlla emocional del protagonista.;0
Ens vam conèixer en una cruïlla inesperada de les nostres vides.;0
Aquest projecte és una cruïlla important per a la nostra empresa.;0
La pel·lícula reflecteix una cruïlla emocional del protagonista.;0
Ens vam trobar en una cruïlla de camins desconeguts.;0
La vida és una cruïlla plena de decisions difícils.;0
Aquest projecte és una cruïlla important per a la nostra empresa.;0
Ens vam conèixer en una cruïlla inesperada de les nostres vides.;0
La pel·lícula reflecteix una cruïlla emocional del protagonista.;0
Ens vam conèixer en una cruïlla inesperada de les nostres vides.;0
És una cruïlla entre tradició i modernitat.;0
Ens vam conèixer en una cruïlla inesperada de les nostres vides.;0
La pel·lícula reflecteix una cruïlla emocional del protagonista.;0
Ens vam trobar en una cruïlla de camins desconeguts.;0
És una cruïlla entre tradició i modernitat.;0
Ens vam conèixer en una cruïlla inesperada de les nostres vides.;0
La vida és una cruïlla plena de decisions difícils.;0
Vaig arribar a una cruïlla i no sabia cap on anar.;0
És una cruïlla entre tradició i modernitat.;0
El poble es troba a la cruïlla entre dues comarques.;0
Ens vam conèixer en una cruïlla inesperada de les nostres vides.;0
A la cruïlla hi havia un semàfor trencat.;0
És una cruïlla entre tradició i modernitat.;0
Ens vam trobar en una cruïlla de camins desconeguts.;0
És una cruïlla entre tradició i modernitat.;0
El poble es troba a la cruïlla entre dues comarques.;0
La vida és una cruïlla plena de decisions difícils.;0
Aquest projecte és una cruïlla important per a la nostra empresa.;0
És una cruïlla entre tradició i modernitat.;0
Ens vam trobar en una cruïlla de camins desconeguts.;0
Va aparcar just a la cruïlla del carrer Major.;0
La vida és una cruïlla plena de decisions difícils.;0
Ens vam conèixer en una cruïlla inesperada de les nostres vides.;0
Aquest projecte és una cruïlla important per a la nostra empresa.;0
A la cruïlla hi havia un semàfor trencat.;0
A la cruïlla hi havia un semàfor trencat.;0
És una cruïlla entre tradició i modernitat.;0
La pel·lícula reflecteix una cruïlla emocional del protagonista.;0
Ens vam trobar en una cruïlla de camins desconeguts.;0
Aquest projecte és una cruïlla important per a la nostra empresa.;0
La vida és una cruïlla plena de decisions difícils.;0
Ens vam trobar en una cruïlla de camins desconeguts.;0
Aquest projecte és una cruïlla important per a la nostra empresa.;0
La pel·lícula reflecteix una cruïlla emocional del protagonista.;0
Va aparcar just a la cruïlla del carrer Major.;0
A la cruïlla hi havia un semàfor trencat.;0
Vaig arribar a una cruïlla i no sabia cap on anar.;0
La pel·lícula reflecteix una cruïlla emocional del protagonista.;0
Va aparcar just a la cruïlla del carrer Major.;0
La vida és una cruïlla plena de decisions difícils.;0
La pel·lícula reflecteix una cruïlla emocional del protagonista.;0
La vida és una cruïlla plena de decisions difícils.;0
Va aparcar just a la cruïlla del carrer Major.;0
És una cruïlla entre tradició i modernitat.;0
Vaig arribar a una cruïlla i no sabia cap on anar.;0
La pel·lícula reflecteix una cruïlla emocional del protagonista.;0
Aquest projecte és una cruïlla important per a la nostra empresa.;0
La pel·lícula reflecteix una cruïlla emocional del protagonista.;0
La pel·lícula reflecteix una cruïlla emocional del protagonista.;0
Vaig arribar a una cruïlla i no sabia cap on anar.;0
La pel·lícula reflecteix una cruïlla emocional del protagonista.;0
Ens vam conèixer en una cruïlla inesperada de les nostres vides.;0
Aquest projecte és una cruïlla important per a la nostra empresa.;0
Ens vam conèixer en una cruïlla inesperada de les nostres vides.;0
El poble es troba a la cruïlla entre dues comarques.;0
A la cruïlla hi havia un semàfor trencat.;0
A la cruïlla hi havia un semàfor trencat.;0
A la cruïlla hi havia un semàfor trencat.;0
Va aparcar just a la cruïlla del carrer Major.;0
A la cruïlla hi havia un semàfor trencat.;0
Ens vam trobar en una cruïlla de camins desconeguts.;0
Va aparcar just a la cruïlla del carrer Major.;0
Va aparcar just a la cruïlla del carrer Major.;0
És una cruïlla entre tradició i modernitat.;0
És una cruïlla entre tradició i modernitat.;0
Vaig arribar a una cruïlla i no sabia cap on anar.;0
El poble es troba a la cruïlla entre dues comarques.;0
Ens vam trobar en una cruïlla de camins desconeguts.;0
La vida és una cruïlla plena de decisions difícils.;0
Aquest projecte és una cruïlla important per a la nostra empresa.;0
Aquest projecte és una cruïlla important per a la nostra empresa.;0
A la cruïlla hi havia un semàfor trencat.;0
A la cruïlla hi havia un semàfor trencat.;0
Ens vam conèixer en una cruïlla inesperada de les nostres vides.;0
Ens vam conèixer en una cruïlla inesperada de les nostres vides.;0
A la cruïlla hi havia un semàfor trencat.;0
Ens vam conèixer en una cruïlla inesperada de les nostres vides.;0
És una cruïlla entre tradició i modernitat.;0
Ens vam trobar en una cruïlla de camins desconeguts.;0
A la cruïlla hi havia un semàfor trencat.;0
Va aparcar just a la cruïlla del carrer Major.;0
A la cruïlla hi havia un semàfor trencat.;0
Va aparcar just a la cruïlla del carrer Major.;0
Ens vam conèixer en una cruïlla inesperada de les nostres vides.;0
Ens vam trobar en una cruïlla de camins desconeguts.;0
A la cruïlla hi havia un semàfor trencat.;0
Aquest projecte és una cruïlla important per a la nostra empresa.;0
Vaig arribar a una cruïlla i no sabia cap on anar.;0
Ens vam conèixer en una cruïlla inesperada de les nostres vides.;0
Vaig arribar a una cruïlla i no sabia cap on anar.;0
Va aparcar just a la cruïlla del carrer Major.;0
Aquest projecte és una cruïlla important per a la nostra empresa.;0
Aquest projecte és una cruïlla important per a la nostra empresa.;0
La pel·lícula reflecteix una cruïlla emocional del protagonista.;0
El poble es troba a la cruïlla entre dues comarques.;0
Va aparcar just a la cruïlla del carrer Major.;0
Ens vam conèixer en una cruïlla inesperada de les nostres vides.;0
A la cruïlla hi havia un semàfor trencat.;0
La pel·lícula reflecteix una cruïlla emocional del protagonista.;0
Ens vam conèixer en una cruïlla inesperada de les nostres vides.;0
La vida és una cruïlla plena de decisions difícils.;0
La pel·lícula reflecteix una cruïlla emocional del protagonista.;0
Va aparcar just a la cruïlla del carrer Major.;0
La vida és una cruïlla plena de decisions difícils.;0
Ens vam trobar en una cruïlla de camins desconeguts.;0
Aquest projecte és una cruïlla important per a la nostra empresa.;0
A la cruïlla hi havia un semàfor trencat.;0
Ens vam conèixer en una cruïlla inesperada de les nostres vides.;0
Aquest projecte és una cruïlla important per a la nostra empresa.;0
La vida és una cruïlla plena de decisions difícils.;0
Ens vam conèixer en una cruïlla inesperada de les nostres vides.;0
Va aparcar just a la cruïlla del carrer Major.;0
Vaig arribar a una cruïlla i no sabia cap on anar.;0
Ens vam conèixer en una cruïlla inesperada de les nostres vides.;0
Vaig arribar a una cruïlla i no sabia cap on anar.;0
Vaig arribar a una cruïlla i no sabia cap on anar.;0
A la cruïlla hi havia un semàfor trencat.;0
Ens vam conèixer en una cruïlla inesperada de les nostres vides.;0
La pel·lícula reflecteix una cruïlla emocional del protagonista.;0
La vida és una cruïlla plena de decisions difícils.;0
Ens vam conèixer en una cruïlla inesperada de les nostres vides.;0
A la cruïlla hi havia un semàfor trencat.;0
A la cruïlla hi havia un semàfor trencat.;0
Aquest projecte és una cruïlla important per a la nostra empresa.;0
Aquest projecte és una cruïlla important per a la nostra empresa.;0
La vida és una cruïlla plena de decisions difícils.;0
Ens vam trobar en una cruïlla de camins desconeguts.;0
El poble es troba a la cruïlla entre dues comarques.;0
El poble es troba a la cruïlla entre dues comarques.;0
És una cruïlla entre tradició i modernitat.;0
Aquest projecte és una cruïlla important per a la nostra empresa.;0
Aquest projecte és una cruïlla important per a la nostra empresa.;0
Vaig arribar a una cruïlla i no sabia cap on anar.;0
El poble es troba a la cruïlla entre dues comarques.;0
És una cruïlla entre tradició i modernitat.;0
A la cruïlla hi havia un semàfor trencat.;0
És una cruïlla entre tradició i modernitat.;0
La pel·lícula reflecteix una cruïlla emocional del protagonista.;0
La pel·lícula reflecteix una cruïlla emocional del protagonista.;0
Aquest projecte és una cruïlla important per a la nostra empresa.;0
És una cruïlla entre tradició i modernitat.;0
Ens vam trobar en una cruïlla de camins desconeguts.;0
A la cruïlla hi havia un semàfor trencat.;0
El poble es troba a la cruïlla entre dues comarques.;0
Va aparcar just a la cruïlla del carrer Major.;0
A la cruïlla hi havia un semàfor trencat.;0
Aquest projecte és una cruïlla important per a la nostra empresa.;0
És una cruïlla entre tradició i modernitat.;0
Ens vam conèixer en una cruïlla inesperada de les nostres vides.;0
Aquest projecte és una cruïlla important per a la nostra empresa.;0
Vaig arribar a una cruïlla i no sabia cap on anar.;0
El poble es troba a la cruïlla entre dues comarques.;0
La pel·lícula reflecteix una cruïlla emocional del protagonista.;0
És una cruïlla entre tradició i modernitat.;0
Aquest projecte és una cruïlla important per a la nostra empresa.;0
La vida és una cruïlla plena de decisions difícils.;0
És una cruïlla entre tradició i modernitat.;0
Vaig arribar a una cruïlla i no sabia cap on anar.;0
Vaig arribar a una cruïlla i no sabia cap on anar.;0
Va aparcar just a la cruïlla del carrer Major.;0
El poble es troba a la cruïlla entre dues comarques.;0
La vida és una cruïlla plena de decisions difícils.;0
Va aparcar just a la cruïlla del carrer Major.;0
La pel·lícula reflecteix una cruïlla emocional del protagonista.;0
Ens vam trobar en una cruïlla de camins desconeguts.;0
Ens vam trobar en una cruïlla de camins desconeguts.;0
Ens vam trobar en una cruïlla de camins desconeguts.;0
A la cruïlla hi havia un semàfor trencat.;0
Va aparcar just a la cruïlla del carrer Major.;0
És una cruïlla entre tradició i modernitat.;0
La vida és una cruïlla plena de decisions difícils.;0
Aquest projecte és una cruïlla important per a la nostra empresa.;0
Ens vam conèixer en una cruïlla inesperada de les nostres vides.;0
El poble es troba a la cruïlla entre dues comarques.;0
La pel·lícula reflecteix una cruïlla emocional del protagonista.;0
El poble es troba a la cruïlla entre dues comarques.;0
És una cruïlla entre tradició i modernitat.;0
Va aparcar just a la cruïlla del carrer Major.;0
Vaig arribar a una cruïlla i no sabia cap on anar.;0
Vaig arribar a una cruïlla i no sabia cap on anar.;0
El poble es troba a la cruïlla entre dues comarques.;0
Aquest projecte és una cruïlla important per a la nostra empresa.;0
El poble es troba a la cruïlla entre dues comarques.;0
Aquest projecte és una cruïlla important per a la nostra empresa.;0
El poble es troba a la cruïlla entre dues comarques.;0
És una cruïlla entre tradició i modernitat.;0
Ens vam trobar en una cruïlla de camins desconeguts.;0
El poble es troba a la cruïlla entre dues comarques.;0
És una cruïlla entre tradició i modernitat.;0
La pel·lícula reflecteix una cruïlla emocional del protagonista.;0
La vida és una cruïlla plena de decisions difícils.;0
La vida és una cruïlla plena de decisions difícils.;0
A la cruïlla hi havia un semàfor trencat.;0
Vaig arribar a una cruïlla i no sabia cap on anar.;0
Ens vam conèixer en una cruïlla inesperada de les nostres vides.;0
Vaig arribar a una cruïlla i no sabia cap on anar.;0
Vaig arribar a una cruïlla i no sabia cap on anar.;0
La vida és una cruïlla plena de decisions difícils.;0
A la cruïlla hi havia un semàfor trencat.;0
Aquest projecte és una cruïlla important per a la nostra empresa.;0
La pel·lícula reflecteix una cruïlla emocional del protagonista.;0
El poble es troba a la cruïlla entre dues comarques.;0
Va aparcar just a la cruïlla del carrer Major.;0
És una cruïlla entre tradició i modernitat.;0
Aquest projecte és una cruïlla important per a la nostra empresa.;0
Ens vam trobar en una cruïlla de camins desconeguts.;0
Vaig arribar a una cruïlla i no sabia cap on anar.;0
La vida és una cruïlla plena de decisions difícils.;0
A la cruïlla hi havia un semàfor trencat.;0
Ens vam conèixer en una cruïlla inesperada de les nostres vides.;0
Vaig arribar a una cruïlla i no sabia cap on anar.;0
La vida és una cruïlla plena de decisions difícils.;0
Aquest projecte és una cruïlla important per a la nostra empresa.;0
Vaig arribar a una cruïlla i no sabia cap on anar.;0
Ens vam trobar en una cruïlla de camins desconeguts.;0
Ens vam trobar en una cruïlla de camins desconeguts.;0
Vaig arribar a una cruïlla i no sabia cap on anar.;0
Ens vam conèixer en una cruïlla inesperada de les nostres vides.;0
La pel·lícula reflecteix una cruïlla emocional del protagonista.;0
La vida és una cruïlla plena de decisions difícils.;0
La vida és una cruïlla plena de decisions difícils.;0
Ens vam trobar en una cruïlla de camins desconeguts.;0
La pel·lícula reflecteix una cruïlla emocional del protagonista.;0
Aquest projecte és una cruïlla important per a la nostra empresa.;0
A la cruïlla hi havia un semàfor trencat.;0
Vaig arribar a una cruïlla i no sabia cap on anar.;0
Vaig arribar a una cruïlla i no sabia cap on anar.;0
Va aparcar just a la cruïlla del carrer Major.;0
La pel·lícula reflecteix una cruïlla emocional del protagonista.;0
Ens vam trobar en una cruïlla de camins desconeguts.;0
A la cruïlla hi havia un semàfor trencat.;0
Ens vam trobar en una cruïlla de camins desconeguts.;0
La vida és una cruïlla plena de decisions difícils.;0
Vaig arribar a una cruïlla i no sabia cap on anar.;0
Vaig arribar a una cruïlla i no sabia cap on anar.;0
Ens vam trobar en una cruïlla de camins desconeguts.;0
Va aparcar just a la cruïlla del carrer Major.;0
La pel·lícula reflecteix una cruïlla emocional del protagonista.;0
El poble es troba a la cruïlla entre dues comarques.;0
La vida és una cruïlla plena de decisions difícils.;0
La vida és una cruïlla plena de decisions difícils.;0
Ens vam trobar en una cruïlla de camins desconeguts.;0
El poble es troba a la cruïlla entre dues comarques.;0
La pel·lícula reflecteix una cruïlla emocional del protagonista.;0
La vida és una cruïlla plena de decisions difícils.;0
Ens vam conèixer en una cruïlla inesperada de les nostres vides.;0
El poble es troba a la cruïlla entre dues comarques.;0
Va aparcar just a la cruïlla del carrer Major.;0
Ens vam trobar en una cruïlla de camins desconeguts.;0
Vaig arribar a una cruïlla i no sabia cap on anar.;0
Vaig arribar a una cruïlla i no sabia cap on anar.;0
Aquest projecte és una cruïlla important per a la nostra empresa.;0
Ens vam conèixer en una cruïlla inesperada de les nostres vides.;0
A la cruïlla hi havia un semàfor trencat.;0
El poble es troba a la cruïlla entre dues comarques.;0
El poble es troba a la cruïlla entre dues comarques.;0
Va aparcar just a la cruïlla del carrer Major.;0
La vida és una cruïlla plena de decisions difícils.;0
Va aparcar just a la cruïlla del carrer Major.;0
Aquest projecte és una cruïlla important per a la nostra empresa.;0
Vaig arribar a una cruïlla i no sabia cap on anar.;0
La pel·lícula reflecteix una cruïlla emocional del protagonista.;0
La vida és una cruïlla plena de decisions difícils.;0
Ens vam trobar en una cruïlla de camins desconeguts.;0
La vida és una cruïlla plena de decisions difícils.;0
Va aparcar just a la cruïlla del carrer Major.;0
Ens vam trobar en una cruïlla de camins desconeguts.;0
Va aparcar just a la cruïlla del carrer Major.;0
El poble es troba a la cruïlla entre dues comarques.;0
És una cruïlla entre tradició i modernitat.;0
Aquest projecte és una cruïlla important per a la nostra empresa.;0
A la cruïlla hi havia un semàfor trencat.;0
El poble es troba a la cruïlla entre dues comarques.;0
A la cruïlla hi havia un semàfor trencat.;0
És una cruïlla entre tradició i modernitat.;0
Aquest projecte és una cruïlla important per a la nostra empresa.;0
Vaig arribar a una cruïlla i no sabia cap on anar.;0
Va aparcar just a la cruïlla del carrer Major.;0
És una cruïlla entre tradició i modernitat.;0
A la cruïlla hi havia un semàfor trencat.;0
Vaig arribar a una cruïlla i no sabia cap on anar.;0
Va aparcar just a la cruïlla del carrer Major.;0
Ens vam conèixer en una cruïlla inesperada de les nostres vides.;0
Aquest projecte és una cruïlla important per a la nostra empresa.;0
A la cruïlla hi havia un semàfor trencat.;0
És una cruïlla entre tradició i modernitat.;0
És una cruïlla entre tradició i modernitat.;0
La vida és una cruïlla plena de decisions difícils.;0
Aquest projecte és una cruïlla important per a la nostra empresa.;0
Aquest projecte és una cruïlla important per a la nostra empresa.;0
És una cruïlla entre tradició i modernitat.;0
La vida és una cruïlla plena de decisions difícils.;0
Aquest projecte és una cruïlla important per a la nostra empresa.;0
Ens vam conèixer en una cruïlla inesperada de les nostres vides.;0
Ens vam trobar en una cruïlla de camins desconeguts.;0
Aquest projecte és una cruïlla important per a la nostra empresa.;0
Ens vam conèixer en una cruïlla inesperada de les nostres vides.;0
A la cruïlla hi havia un semàfor trencat.;0
Vaig arribar a una cruïlla i no sabia cap on anar.;0
És una cruïlla entre tradició i modernitat.;0
Aquest projecte és una cruïlla important per a la nostra empresa.;0
La pel·lícula reflecteix una cruïlla emocional del protagonista.;0
La vida és una cruïlla plena de decisions difícils.;0
El poble es troba a la cruïlla entre dues comarques.;0
Ens vam conèixer en una cruïlla inesperada de les nostres vides.;0
Ens vam conèixer en una cruïlla inesperada de les nostres vides.;0
És una cruïlla entre tradició i modernitat.;0
Ens vam trobar en una cruïlla de camins desconeguts.;0
Ens vam trobar en una cruïlla de camins desconeguts.;0
Vaig arribar a una cruïlla i no sabia cap on anar.;0
És una cruïlla entre tradició i modernitat.;0
El poble es troba a la cruïlla entre dues comarques.;0
La vida és una cruïlla plena de decisions difícils.;0
La vida és una cruïlla plena de decisions difícils.;0
Vaig arribar a una cruïlla i no sabia cap on anar.;0
El poble es troba a la cruïlla entre dues comarques.;0
Vaig arribar a una cruïlla i no sabia cap on anar.;0
Aquest projecte és una cruïlla important per a la nostra empresa.;0
La vida és una cruïlla plena de decisions difícils.;0
Va aparcar just a la cruïlla del carrer Major.;0
El poble es troba a la cruïlla entre dues comarques.;0
Aquest projecte és una cruïlla important per a la nostra empresa.;0
És una cruïlla entre tradició i modernitat.;0
Ens vam conèixer en una cruïlla inesperada de les nostres vides.;0
La pel·lícula reflecteix una cruïlla emocional del protagonista.;0
El poble es troba a la cruïlla entre dues comarques.;0
Aquest projecte és una cruïlla important per a la nostra empresa.;0
La pel·lícula reflecteix una cruïlla emocional del protagonista.;0
Aquest projecte és una cruïlla important per a la nostra empresa.;0
Vaig arribar a una cruïlla i no sabia cap on anar.;0
Vaig arribar a una cruïlla i no sabia cap on anar.;0
Va aparcar just a la cruïlla del carrer Major.;0
Aquest projecte és una cruïlla important per a la nostra empresa.;0
Aquest projecte és una cruïlla important per a la nostra empresa.;0
Ens vam trobar en una cruïlla de camins desconeguts.;0
Ens vam conèixer en una cruïlla inesperada de les nostres vides.;0
És una cruïlla entre tradició i modernitat.;0
Va aparcar just a la cruïlla del carrer Major.;0
És una cruïlla entre tradició i modernitat.;0
Ens vam conèixer en una cruïlla inesperada de les nostres vides.;0
Ens vam conèixer en una cruïlla inesperada de les nostres vides.;0
A la cruïlla hi havia un semàfor trencat.;0
La vida és una cruïlla plena de decisions difícils.;0
Va aparcar just a la cruïlla del carrer Major.;0
Vaig arribar a una cruïlla i no sabia cap on anar.;0
Ens vam trobar en una cruïlla de camins desconeguts.;0
Va aparcar just a la cruïlla del carrer Major.;0
A la cruïlla hi havia un semàfor trencat.;0
Ens vam trobar en una cruïlla de camins desconeguts.;0
El poble es troba a la cruïlla entre dues comarques.;0
És una cruïlla entre tradició i modernitat.;0
El poble es troba a la cruïlla entre dues comarques.;0
És una cruïlla entre tradició i modernitat.;0
Va aparcar just a la cruïlla del carrer Major.;0
És una cruïlla entre tradició i modernitat.;0
A la cruïlla hi havia un semàfor trencat.;0
Va aparcar just a la cruïlla del carrer Major.;0
El poble es troba a la cruïlla entre dues comarques.;0
Vaig arribar a una cruïlla i no sabia cap on anar.;0
A la cruïlla hi havia un semàfor trencat.;0
La pel·lícula reflecteix una cruïlla emocional del protagonista.;0
Vaig arribar a una cruïlla i no sabia cap on anar.;0
El poble es troba a la cruïlla entre dues comarques.;0
És una cruïlla entre tradició i modernitat.;0
La vida és una cruïlla plena de decisions difícils.;0
Ens vam conèixer en una cruïlla inesperada de les nostres vides.;0
Ens vam conèixer en una cruïlla inesperada de les nostres vides.;0
Ens vam trobar en una cruïlla de camins desconeguts.;0
El poble es troba a la cruïlla entre dues comarques.;0
Ens vam trobar en una cruïlla de camins desconeguts.;0
És una cruïlla entre tradició i modernitat.;0
La vida és una cruïlla plena de decisions difícils.;0
Aquest projecte és una cruïlla important per a la nostra empresa.;0
La vida és una cruïlla plena de decisions difícils.;0
La vida és una cruïlla plena de decisions difícils.;0
És una cruïlla entre tradició i modernitat.;0
Va aparcar just a la cruïlla del carrer Major.;0
El poble es troba a la cruïlla entre dues comarques.;0
Vaig arribar a una cruïlla i no sabia cap on anar.;0
Va aparcar just a la cruïlla del carrer Major.;0
La pel·lícula reflecteix una cruïlla emocional del protagonista.;0
Va aparcar just a la cruïlla del carrer Major.;0
A la cruïlla hi havia un semàfor trencat.;0
La pel·lícula reflecteix una cruïlla emocional del protagonista.;0
A la cruïlla hi havia un semàfor trencat.;0
Aquest projecte és una cruïlla important per a la nostra empresa.;0
Vaig arribar a una cruïlla i no sabia cap on anar.;0
Ens vam trobar en una cruïlla de camins desconeguts.;0
Ens vam conèixer en una cruïlla inesperada de les nostres vides.;0
La pel·lícula reflecteix una cruïlla emocional del protagonista.;0
A la cruïlla hi havia un semàfor trencat.;0
Ens vam trobar en una cruïlla de camins desconeguts.;0
Aquest projecte és una cruïlla important per a la nostra empresa.;0
Ens vam trobar en una cruïlla de camins desconeguts.;0
El poble es troba a la cruïlla entre dues comarques.;0
Aquest projecte és una cruïlla important per a la nostra empresa.;0
A la cruïlla hi havia un semàfor trencat.;0
Va aparcar just a la cruïlla del carrer Major.;0
La vida és una cruïlla plena de decisions difícils.;0
Ens vam conèixer en una cruïlla inesperada de les nostres vides.;0
Ens vam trobar en una cruïlla de camins desconeguts.;0
La pel·lícula reflecteix una cruïlla emocional del protagonista.;0
Aquest projecte és una cruïlla important per a la nostra empresa.;0
Va aparcar just a la cruïlla del carrer Major.;0
Aquest projecte és una cruïlla important per a la nostra empresa.;0
La vida és una cruïlla plena de decisions difícils.;0
La pel·lícula reflecteix una cruïlla emocional del protagonista.;0
El poble es troba a la cruïlla entre dues comarques.;0
Va aparcar just a la cruïlla del carrer Major.;0
La vida és una cruïlla plena de decisions difícils.;0
Aquest projecte és una cruïlla important per a la nostra empresa.;0
El poble es troba a la cruïlla entre dues comarques.;0
Ens vam conèixer en una cruïlla inesperada de les nostres vides.;0
La vida és una cruïlla plena de decisions difícils.;0
El poble es troba a la cruïlla entre dues comarques.;0
Va aparcar just a la cruïlla del carrer Major.;0
Ens vam trobar en una cruïlla de camins desconeguts.;0
Ens vam conèixer en una cruïlla inesperada de les nostres vides.;0
A la cruïlla hi havia un semàfor trencat.;0
Ens vam conèixer en una cruïlla inesperada de les nostres vides.;0
Aquest projecte és una cruïlla important per a la nostra empresa.;0
Ens vam conèixer en una cruïlla inesperada de les nostres vides.;0
Ens vam conèixer en una cruïlla inesperada de les nostres vides.;0
Aquest projecte és una cruïlla important per a la nostra empresa.;0
Vaig arribar a una cruïlla i no sabia cap on anar.;0
El poble es troba a la cruïlla entre dues comarques.;0
La pel·lícula reflecteix una cruïlla emocional del protagonista.;0
Vaig arribar a una cruïlla i no sabia cap on anar.;0
Ens vam conèixer en una cruïlla inesperada de les nostres vides.;0
Va aparcar just a la cruïlla del carrer Major.;0
Vaig arribar a una cruïlla i no sabia cap on anar.;0
Ens vam trobar en una cruïlla de camins desconeguts.;0
Vaig arribar a una cruïlla i no sabia cap on anar.;0
És una cruïlla entre tradició i modernitat.;0
La pel·lícula reflecteix una cruïlla emocional del protagonista.;0
És una cruïlla entre tradició i modernitat.;0
Ens vam conèixer en una cruïlla inesperada de les nostres vides.;0
Vaig arribar a una cruïlla i no sabia cap on anar.;0
És una cruïlla entre tradició i modernitat.;0
Ens vam conèixer en una cruïlla inesperada de les nostres vides.;0
És una cruïlla entre tradició i modernitat.;0
Vaig arribar a una cruïlla i no sabia cap on anar.;0
La vida és una cruïlla plena de decisions difícils.;0
El poble es troba a la cruïlla entre dues comarques.;0
Ens vam trobar en una cruïlla de camins desconeguts.;0
Ens vam trobar en una cruïlla de camins desconeguts.;0
Vaig arribar a una cruïlla i no sabia cap on anar.;0
Va aparcar just a la cruïlla del carrer Major.;0
El poble es troba a la cruïlla entre dues comarques.;0
La pel·lícula reflecteix una cruïlla emocional del protagonista.;0
Ens vam trobar en una cruïlla de camins desconeguts.;0
El poble es troba a la cruïlla entre dues comarques.;0
Aquest projecte és una cruïlla important per a la nostra empresa.;0
Aquest projecte és una cruïlla important per a la nostra empresa.;0
Ens vam conèixer en una cruïlla inesperada de les nostres vides.;0
Ens vam conèixer en una cruïlla inesperada de les nostres vides.;0
Va aparcar just a la cruïlla del carrer Major.;0
La pel·lícula reflecteix una cruïlla emocional del protagonista.;0
Vaig arribar a una cruïlla i no sabia cap on anar.;0
El poble es troba a la cruïlla entre dues comarques.;0
Va aparcar just a la cruïlla del carrer Major.;0
Vaig arribar a una cruïlla i no sabia cap on anar.;0
Vaig arribar a una cruïlla i no sabia cap on anar.;0
Ens vam trobar en una cruïlla de camins desconeguts.;0
Ens vam conèixer en una cruïlla inesperada de les nostres vides.;0
Aquest projecte és una cruïlla important per a la nostra empresa.;0
És una cruïlla entre tradició i modernitat.;0
La vida és una cruïlla plena de decisions difícils.;0
El poble es troba a la cruïlla entre dues comarques.;0
La vida és una cruïlla plena de decisions difícils.;0
Ens vam conèixer en una cruïlla inesperada de les nostres vides.;0
Aquest projecte és una cruïlla important per a la nostra empresa.;0
Va aparcar just a la cruïlla del carrer Major.;0
La vida és una cruïlla plena de decisions difícils.;0
La pel·lícula reflecteix una cruïlla emocional del protagonista.;0
Va aparcar just a la cruïlla del carrer Major.;0
És una cruïlla entre tradició i modernitat.;0
El poble es troba a la cruïlla entre dues comarques.;0
La pel·lícula reflecteix una cruïlla emocional del protagonista.;0
El poble es troba a la cruïlla entre dues comarques.;0
A la cruïlla hi havia un semàfor trencat.;0
A la cruïlla hi havia un semàfor trencat.;0
Vaig arribar a una cruïlla i no sabia cap on anar.;0
A la cruïlla hi havia un semàfor trencat.;0
El poble es troba a la cruïlla entre dues comarques.;0
Ens vam conèixer en una cruïlla inesperada de les nostres vides.;0
És una cruïlla entre tradició i modernitat.;0
La pel·lícula reflecteix una cruïlla emocional del protagonista.;0
La pel·lícula reflecteix una cruïlla emocional del protagonista.;0
A la cruïlla hi havia un semàfor trencat.;0
La vida és una cruïlla plena de decisions difícils.;0
Aquest projecte és una cruïlla important per a la nostra empresa.;0
Aquest projecte és una cruïlla important per a la nostra empresa.;0
El poble es troba a la cruïlla entre dues comarques.;0
El poble es troba a la cruïlla entre dues comarques.;0
Va aparcar just a la cruïlla del carrer Major.;0
La pel·lícula reflecteix una cruïlla emocional del protagonista.;0
Aquest projecte és una cruïlla important per a la nostra empresa.;0
Vaig arribar a una cruïlla i no sabia cap on anar.;0
Ens vam trobar en una cruïlla de camins desconeguts.;0
El poble es troba a la cruïlla entre dues comarques.;0
Ens vam conèixer en una cruïlla inesperada de les nostres vides.;0
A la cruïlla hi havia un semàfor trencat.;0
La vida és una cruïlla plena de decisions difícils.;0
La vida és una cruïlla plena de decisions difícils.;0
Va aparcar just a la cruïlla del carrer Major.;0
Ens vam trobar en una cruïlla de camins desconeguts.;0
Ens vam trobar en una cruïlla de camins desconeguts.;0
Vaig arribar a una cruïlla i no sabia cap on anar.;0
La vida és una cruïlla plena de decisions difícils.;0
Ens vam conèixer en una cruïlla inesperada de les nostres vides.;0
Ens vam trobar en una cruïlla de camins desconeguts.;0
És una cruïlla entre tradició i modernitat.;0
És una cruïlla entre tradició i modernitat.;0
Aquest projecte és una cruïlla important per a la nostra empresa.;0
Aquest projecte és una cruïlla important per a la nostra empresa.;0
La pel·lícula reflecteix una cruïlla emocional del protagonista.;0
El poble es troba a la cruïlla entre dues comarques.;0
El poble es troba a la cruïlla entre dues comarques.;0
Ens vam conèixer en una cruïlla inesperada de les nostres vides.;0
Ens vam conèixer en una cruïlla inesperada de les nostres vides.;0
La vida és una cruïlla plena de decisions difícils.;0
Vaig arribar a una cruïlla i no sabia cap on anar.;0
La pel·lícula reflecteix una cruïlla emocional del protagonista.;0
Ens vam conèixer en una cruïlla inesperada de les nostres vides.;0
Ens vam conèixer en una cruïlla inesperada de les nostres vides.;0
La pel·lícula reflecteix una cruïlla emocional del protagonista.;0
Ens vam conèixer en una cruïlla inesperada de les nostres vides.;0
Vaig arribar a una cruïlla i no sabia cap on anar.;0
A la cruïlla hi havia un semàfor trencat.;0
El poble es troba a la cruïlla entre dues comarques.;0
Ens vam conèixer en una cruïlla inesperada de les nostres vides.;0
Aquest projecte és una cruïlla important per a la nostra empresa.;0
Vaig arribar a una cruïlla i no sabia cap on anar.;0
Ens vam trobar en una cruïlla de camins desconeguts.;0
La vida és una cruïlla plena de decisions difícils.;0
La vida és una cruïlla plena de decisions difícils.;0
Ens vam conèixer en una cruïlla inesperada de les nostres vides.;0
A la cruïlla hi havia un semàfor trencat.;0